{"nodes":["-14,-3.999999999999999","14,-3.999999999999999","-1.0000000000000002,10","0,-2.9999999999999987","1.0000000000000002,10"],"members":["0,2","2,3","3,4","4,1","1,0","2,1","4,0"],"supports":{"0":"P","1":"Rh"},"forces":["3,0,-100.00000000000003"],"workspace":{"workspace-width":30,"workspace-height":18,"workspace-width-pixels":956,"Yaxis-dist-from-left":15,"Xaxis-dist-from-bottom":6,"grid-x":1,"grid-y":1,"force-scale":100}}